{
  "model": "ArcFace",
  "video": "ThesisMP4TEST3",
  "metrics": {
    "avg_confidence": 0.6286743223829072,
    "avg_inference_time_ms": 30.991001854607873,
    "avg_accuracy": 0.8748019017432647
  },
  "additional_stats": {
    "total_detections": 631,
    "back_view_percentage": 0.7923930269413629,
    "locked_percentage": 87.48019017432647
  },
  "timestamp": "20251012_175902"
}