{
  "model_name": "ArcFace",
  "video_name": "ThesisMP4TEST3",
  "avg_confidence": 0.6328072960942434,
  "avg_inference_time_ms": 26.001070267424907,
  "avg_accuracy": 0.820919175911252,
  "total_detections": 631,
  "successful_recognitions": 518,
  "recognition_rate": 0.820919175911252,
  "back_view_detections": 5,
  "back_view_percentage": 0.7923930269413629,
  "locked_detections": 518,
  "locked_percentage": 82.0919175911252,
  "unique_tracks": 1,
  "locked_tracks": 1
}